<?xml version="1.0" encoding="UTF-8"?>
<project-private xmlns="http://www.netbeans.org/ns/project-private/1">
    <editor-bookmarks xmlns="http://www.netbeans.org/ns/editor-bookmarks/2" lastBookmarkId="0"/>
    <open-files xmlns="http://www.netbeans.org/ns/projectui-open-files/2">
        <group>
            <file>file:/C:/Users/lovem/OneDrive/uFly/uFlyBookingSystem/src/uflybookingsystem/BookingFinalForm.java</file>
            <file>file:/C:/Users/lovem/OneDrive/uFly/uFlyBookingSystem/src/uflybookingsystem/ImportForm.java</file>
            <file>file:/C:/Users/lovem/OneDrive/uFly/uFlyBookingSystem/src/uflybookingsystem/ImportFeedbackForm.java</file>
            <file>file:/C:/Users/lovem/OneDrive/uFly/uFlyBookingSystem/src/uflybookingsystem/BusinessObjects/Booking.java</file>
            <file>file:/C:/Users/lovem/OneDrive/uFly/uFlyBookingSystem/src/uflybookingsystem/MainForm.java</file>
            <file>file:/C:/Users/lovem/OneDrive/uFly/uFlyBookingSystem/src/uflybookingsystem/BookingForm.java</file>
            <file>file:/C:/Users/lovem/OneDrive/uFly/uFlyBookingSystem/src/uflybookingsystem/FlightImporter.java</file>
        </group>
    </open-files>
</project-private>
